pagina,url,tipo,formId_banner,formId_modal,incrustaciones_en_html,formId_esperado_inventario_15sep,banner_coincide,modal_coincide,nombre_formulario_segun_hubspot,formulario_corresponde_a_la_pagina,programa_que_envia_el_formulario,programa_que_deberia_enviar,programa_coincide,activador_segun_hubspot,formId_que_debe_ir_en_la_pagina,vicente_debe_repuntar,accion,observacion
curso-de-analitica-digital-growth-marketing,https://udeponline.pe/curso-de-analitica-digital-growth-marketing/,curso,7a38b319-f279-497a-84c6-e85dad3de2a4,7a38b319-f279-497a-84c6-e85dad3de2a4,2,7a38b319-f279-497a-84c6-e85dad3de2a4,SI,SI,Curso Analítica Digital & Growth Marketing Piura (UDN UDEP),SI,Gestión del Talento,NO EXISTE OPCION,NO,NINGUNO,7a38b319-f279-497a-84c6-e85dad3de2a4,NO,editar el formulario en HubSpot (no cambia el formId),no existe opcion para este programa en la propiedad; sin Activador: el lead no se asigna
curso-de-business-intelligence-data-science,https://udeponline.pe/curso-de-business-intelligence-data-science/,curso,0a25bf0d-06d8-4722-8735-18cd0078c725,0a25bf0d-06d8-4722-8735-18cd0078c725,2,0a25bf0d-06d8-4722-8735-18cd0078c725,SI,SI,Curso Business Intelligence & Data Science  Piura (UDN UDEP),SI,Gestión del Talento,Business Intelligence & Data Science,NO,0305. Activador Cursos Piura (UDN UDEP),0a25bf0d-06d8-4722-8735-18cd0078c725,NO,editar el formulario en HubSpot (no cambia el formId),el campo oculto envia otro programa
curso-de-coaching,https://udeponline.pe/curso-de-coaching/,curso,294bab20-eebc-43aa-bdc6-b9aff0882c40,294bab20-eebc-43aa-bdc6-b9aff0882c40,2,294bab20-eebc-43aa-bdc6-b9aff0882c40,SI,SI,Curso Coaching (UDN UDEP).,SI,,Coaching,NO,0305. Activador Cursos Piura (UDN UDEP),294bab20-eebc-43aa-bdc6-b9aff0882c40,NO,editar el formulario en HubSpot (no cambia el formId),el campo oculto no tiene valor
curso-de-comunicacion-efectiva,https://udeponline.pe/curso-de-comunicacion-efectiva/,curso,f828a14e-d122-4982-91c5-0f956c00617c,f828a14e-d122-4982-91c5-0f956c00617c,2,f828a14e-d122-4982-91c5-0f956c00617c,SI,SI,Curso Comunicación Efectiva Piura  (UDN UDEP),SI,Gestión del Talento,Comunicación Efectiva,NO,0305. Activador Cursos Piura (UDN UDEP),f828a14e-d122-4982-91c5-0f956c00617c,NO,editar el formulario en HubSpot (no cambia el formId),el campo oculto envia otro programa
curso-de-digital-business-model,https://udeponline.pe/curso-de-digital-business-model/,curso,00b12055-381c-43f6-9dc1-45372becccd8,00b12055-381c-43f6-9dc1-45372becccd8,2,00b12055-381c-43f6-9dc1-45372becccd8,SI,SI,Curso Digital Business Model Piura  (UDN UDEP),SI,Gestión del Talento,Digital Business Model,NO,0305. Activador Cursos Piura (UDN UDEP),00b12055-381c-43f6-9dc1-45372becccd8,NO,editar el formulario en HubSpot (no cambia el formId),el campo oculto envia otro programa
curso-de-felicidad-y-bienestar-organizacional,https://udeponline.pe/curso-de-felicidad-y-bienestar-organizacional/,curso,3727950a-ecce-48ee-b75e-b3c46cc54c7a,3727950a-ecce-48ee-b75e-b3c46cc54c7a,2,3727950a-ecce-48ee-b75e-b3c46cc54c7a,SI,SI,Curso Felicidad y Bienestar Organizacional Piura (UDN UDEP),SI,Gestión del Talento,Felicidad y Bienestar Organizacional,NO,0305. Activador Cursos Piura (UDN UDEP),3727950a-ecce-48ee-b75e-b3c46cc54c7a,NO,editar el formulario en HubSpot (no cambia el formId),el campo oculto envia otro programa
curso-de-gestion-de-equipos-de-alto-rendimiento,https://udeponline.pe/curso-de-gestion-de-equipos-de-alto-rendimiento/,curso,84e5b722-e953-4dc9-a199-61f96667f10e,84e5b722-e953-4dc9-a199-61f96667f10e,2,84e5b722-e953-4dc9-a199-61f96667f10e,SI,SI,Curso Gestión de Equipos de Alto Rendimiento Piura  (UDN UDEP),SI,Gestión del Talento,Gestión de Equipos de Alto Rendimiento,NO,0305. Activador Cursos Piura (UDN UDEP),84e5b722-e953-4dc9-a199-61f96667f10e,NO,editar el formulario en HubSpot (no cambia el formId),el campo oculto envia otro programa
curso-de-gestion-del-talento,https://udeponline.pe/curso-de-gestion-del-talento/,curso,d6c333ed-17db-4e16-8afa-d87ef1b4eb49,d6c333ed-17db-4e16-8afa-d87ef1b4eb49,2,d6c333ed-17db-4e16-8afa-d87ef1b4eb49,SI,SI,Curso Gestión del Talento Piura (UDN UDEP),SI,Gestión del Talento,Gestión del Talento,SI,0305. Activador Cursos Piura (UDN UDEP),d6c333ed-17db-4e16-8afa-d87ef1b4eb49,NO,nada,
curso-de-inteligencia-emocional,https://udeponline.pe/curso-de-inteligencia-emocional/,curso,c1438a54-76d7-4155-8ec0-28d6c65e24fb,c1438a54-76d7-4155-8ec0-28d6c65e24fb,2,c1438a54-76d7-4155-8ec0-28d6c65e24fb,SI,SI,Curso Inteligencia Emocional (UDN-UDEP).,SI,,Inteligencia Emocional,NO,0305. Activador Cursos Piura (UDN UDEP),c1438a54-76d7-4155-8ec0-28d6c65e24fb,NO,editar el formulario en HubSpot (no cambia el formId),el campo oculto no tiene valor
curso-de-liderazgo-en-la-era-digital,https://udeponline.pe/curso-de-liderazgo-en-la-era-digital/,curso,89781058-251b-4213-9673-08605ddc1b93,89781058-251b-4213-9673-08605ddc1b93,2,89781058-251b-4213-9673-08605ddc1b93,SI,SI,Curso Liderazgo en la era digital Piura (UDN UDEP),SI,Gestión del Talento,Liderazgo en la era digital,NO,0305. Activador Cursos Piura (UDN UDEP),89781058-251b-4213-9673-08605ddc1b93,NO,editar el formulario en HubSpot (no cambia el formId),el campo oculto envia otro programa
curso-de-marketing-digital,https://udeponline.pe/curso-de-marketing-digital/,curso,b6e43bcf-a7cc-4b9e-ae6c-1087963599b3,b6e43bcf-a7cc-4b9e-ae6c-1087963599b3,2,b6e43bcf-a7cc-4b9e-ae6c-1087963599b3,SI,SI,Curso Marketing Digital (UDN-UDEP),SI,,Marketing Digital,NO,0305. Activador Cursos Piura (UDN UDEP),b6e43bcf-a7cc-4b9e-ae6c-1087963599b3,NO,editar el formulario en HubSpot (no cambia el formId),el campo oculto no tiene valor
curso-de-negociacion-y-resolucion-de-conflictos,https://udeponline.pe/curso-de-negociacion-y-resolucion-de-conflictos/,curso,51477554-b683-4fb1-99c3-9b063b68c3a3,51477554-b683-4fb1-99c3-9b063b68c3a3,2,51477554-b683-4fb1-99c3-9b063b68c3a3,SI,SI,Curso Negociación y Resolución de Conflictos Piura  (UDN UDEP),SI,Gestión del Talento,Negociación y Resolución de Conflictos,NO,0305. Activador Cursos Piura (UDN UDEP),51477554-b683-4fb1-99c3-9b063b68c3a3,NO,editar el formulario en HubSpot (no cambia el formId),el campo oculto envia otro programa
curso-de-negocios-e-commerce,https://udeponline.pe/curso-de-negocios-e-commerce/,curso,66f1f7d0-79f6-4ef5-8796-4d0e41e3db89,66f1f7d0-79f6-4ef5-8796-4d0e41e3db89,2,66f1f7d0-79f6-4ef5-8796-4d0e41e3db89,SI,SI,Curso Negocios Ecommerce (UDN - UDEP) ,SI,,Negocios e-commerce,NO,0305. Activador Cursos Piura (UDN UDEP),66f1f7d0-79f6-4ef5-8796-4d0e41e3db89,NO,editar el formulario en HubSpot (no cambia el formId),el campo oculto no tiene valor
curso-de-negocios-innovadores,https://udeponline.pe/curso-de-negocios-innovadores/,curso,a44b1d7f-6c25-4797-a134-6e4581722480,a44b1d7f-6c25-4797-a134-6e4581722480,2,a44b1d7f-6c25-4797-a134-6e4581722480,SI,SI,Curso Negocios Innovadores  (UDN UDEP),SI,Gestión del Talento,Negocios Innovadores,NO,0305. Activador Cursos Piura (UDN UDEP),a44b1d7f-6c25-4797-a134-6e4581722480,NO,editar el formulario en HubSpot (no cambia el formId),el campo oculto envia otro programa
curso-de-transformacion-digital,https://udeponline.pe/curso-de-transformacion-digital/,curso,179df4f7-4389-45b3-9550-8cf9d6ac1c09,179df4f7-4389-45b3-9550-8cf9d6ac1c09,2,179df4f7-4389-45b3-9550-8cf9d6ac1c09,SI,SI,Curso Transformación Digital Piura  (UDN UDEP),SI,Gestión del Talento,Transformación Digital,NO,0305. Activador Cursos Piura (UDN UDEP),179df4f7-4389-45b3-9550-8cf9d6ac1c09,NO,editar el formulario en HubSpot (no cambia el formId),el campo oculto envia otro programa
curso-desarrollo-organizacional-y-gestion-del-cambio,https://udeponline.pe/curso-desarrollo-organizacional-y-gestion-del-cambio/,curso,47578cfa-f426-4fc3-a358-e880a8ad121e,47578cfa-f426-4fc3-a358-e880a8ad121e,2,47578cfa-f426-4fc3-a358-e880a8ad121e,SI,SI,Curso Desarrollo Organizacional y Gestión del Cambio  (UDN UDEP),SI,Gestión del Talento,Desarrollo Organizacional y Gestión del Cambio,NO,0305. Activador Cursos Piura (UDN UDEP),47578cfa-f426-4fc3-a358-e880a8ad121e,NO,editar el formulario en HubSpot (no cambia el formId),el campo oculto envia otro programa
diplomado-en-gestion-de-la-felicidad-y-bienestar-organizacional,https://udeponline.pe/diplomado-en-gestion-de-la-felicidad-y-bienestar-organizacional/,diplomado,0ce67a0b-b785-4f54-b09f-0016e2f3a4d2,0ce67a0b-b785-4f54-b09f-0016e2f3a4d2,2,0ce67a0b-b785-4f54-b09f-0016e2f3a4d2,SI,SI,PIURA: Gestión Felicidad y Bienestar Organizacional (UDN UDEP),SI,Marketing Digital y Ecommerce,Diplomado Gestión Felicidad y Bienestar Organizacional,NO,0305. Activador Diplomados Piura (UDN UDEP),0ce67a0b-b785-4f54-b09f-0016e2f3a4d2,NO,editar el formulario en HubSpot (no cambia el formId),el campo oculto envia otro programa
diplomado-en-habilidades-para-la-gestion-de-equipos,https://udeponline.pe/diplomado-en-habilidades-para-la-gestion-de-equipos/,diplomado,c86ebf10-b97f-49a4-98ca-c16c183462ad,c86ebf10-b97f-49a4-98ca-c16c183462ad,2,c86ebf10-b97f-49a4-98ca-c16c183462ad,SI,SI,PIURA: Habilidades para la Gestión de Equipos (UDN UDEP),SI,Marketing Digital y Ecommerce,Diplomado Habilidades para la Gestión de Equipos,NO,0305. Activador Diplomados Piura (UDN UDEP),c86ebf10-b97f-49a4-98ca-c16c183462ad,NO,editar el formulario en HubSpot (no cambia el formId),el campo oculto envia otro programa
diplomado-en-inteligencia-emocional-y-coaching-para-el-liderazgo-en-las-organizaciones,https://udeponline.pe/diplomado-en-inteligencia-emocional-y-coaching-para-el-liderazgo-en-las-organizaciones/,diplomado,bef4306e-9106-4ad8-920f-c01e63c7726e,bef4306e-9106-4ad8-920f-c01e63c7726e,2,bef4306e-9106-4ad8-920f-c01e63c7726e,SI,SI,PIURA: Diplomado Inteligencia Emocional & Coaching (UDN UDEP),SI,Marketing Digital y Ecommerce,Diplomado Inteligencia Emocional & Coaching,NO,0305. Activador Diplomados Piura (UDN UDEP),bef4306e-9106-4ad8-920f-c01e63c7726e,NO,editar el formulario en HubSpot (no cambia el formId),el campo oculto envia otro programa
diplomado-en-liderazgo-y-gestion-del-talento,https://udeponline.pe/diplomado-en-liderazgo-y-gestion-del-talento/,diplomado,74f59f7e-d2cd-40ad-911b-face84652266,74f59f7e-d2cd-40ad-911b-face84652266,2,74f59f7e-d2cd-40ad-911b-face84652266,SI,SI,PIURA: Diplomado Liderazgo y Gestión del Talento (UDN UDEP),SI,Marketing Digital y Ecommerce,Diplomado Liderazgo y Gestión del Talento,NO,0305. Activador Diplomados Piura (UDN UDEP),74f59f7e-d2cd-40ad-911b-face84652266,NO,editar el formulario en HubSpot (no cambia el formId),el campo oculto envia otro programa
diplomado-en-marketing-digital-y-analitica,https://udeponline.pe/diplomado-en-marketing-digital-y-analitica/,diplomado,36b4d47d-ccc6-4c5f-add9-b6477706ad65,36b4d47d-ccc6-4c5f-add9-b6477706ad65,2,36b4d47d-ccc6-4c5f-add9-b6477706ad65,SI,SI,PIURA: DiplomadoMarketing Digital y Analítica (UDN UDEP),SI,Marketing Digital y Ecommerce,Diplomado Marketing Digital y Analítica,NO,0305. Activador Diplomados Piura (UDN UDEP),36b4d47d-ccc6-4c5f-add9-b6477706ad65,NO,editar el formulario en HubSpot (no cambia el formId),el campo oculto envia otro programa
diplomado-en-marketing-digital-y-ecommerce,https://udeponline.pe/diplomado-en-marketing-digital-y-ecommerce/,diplomado,243be113-191b-4e14-92a7-1636105d46f4,243be113-191b-4e14-92a7-1636105d46f4,2,243be113-191b-4e14-92a7-1636105d46f4,SI,SI,PIURA: Diplomado en Marketing Digital y Ecommerce (UDN UDEP),SI,Marketing Digital y Ecommerce,Diplomado en Marketing Digital y Ecommerce,NO,0302. Activador Cluster Marketing Digital Piura (UDN UDEP),243be113-191b-4e14-92a7-1636105d46f4,NO,editar el formulario en HubSpot (no cambia el formId),el campo oculto envia otro programa; revisar cluster del Activador
programa-de-especializacion-en-comunicacion-efectiva-y-gestion-de-equipos-de-alto-rendimiento,https://udeponline.pe/programa-de-especializacion-en-comunicacion-efectiva-y-gestion-de-equipos-de-alto-rendimiento/,programa,523d3530-c6c2-415d-a587-096a58a3f71f,523d3530-c6c2-415d-a587-096a58a3f71f,2,523d3530-c6c2-415d-a587-096a58a3f71f,SI,SI,Comunicación Efectiva y Gestión de Equipos de Alto Rendimiento Piura  (UDN UDEP),SI,Marketing Digital y Ecommerce,Comunicación Efectiva y Gestión de Equipos de Alto Rendimiento,NO,0303. Activador Cluster Habilidades de Gestión Piura (UDN UDEP),523d3530-c6c2-415d-a587-096a58a3f71f,NO,editar el formulario en HubSpot (no cambia el formId),el campo oculto envia otro programa
programa-de-especializacion-en-comunicacion-efectiva-y-gestion-del-talento,https://udeponline.pe/programa-de-especializacion-en-comunicacion-efectiva-y-gestion-del-talento/,programa,d60e69e9-97ee-4b86-beee-2447c8305fff,d60e69e9-97ee-4b86-beee-2447c8305fff,2,d60e69e9-97ee-4b86-beee-2447c8305fff,SI,SI,PIURA: PDE en Comunicación efectiva y Gestión del Talento ,SI,Marketing Digital y Ecommerce,Comunicación Efectiva y Gestión del Talento,NO,0303. Activador Cluster Habilidades de Gestión Piura (UDN UDEP),d60e69e9-97ee-4b86-beee-2447c8305fff,NO,editar el formulario en HubSpot (no cambia el formId),el campo oculto envia otro programa
programa-de-especializacion-en-felicidad-organizacional-y-gestion-de-equipos-de-alto-rendimiento,https://udeponline.pe/programa-de-especializacion-en-felicidad-organizacional-y-gestion-de-equipos-de-alto-rendimiento/,programa,fb1d6938-aed4-44b8-bc70-03d1379f0712,fb1d6938-aed4-44b8-bc70-03d1379f0712,2,fb1d6938-aed4-44b8-bc70-03d1379f0712,SI,SI,PIURA: PDE en Felicidad Organizacional y Gestión de Equipos de Alto Rendimiento (UDN UDEP),SI,Marketing Digital y Ecommerce,Felicidad Organizacional y Gestion de Equipos de Alto Rendimiento,NO,0303. Activador Cluster Habilidades de Gestión Piura (UDN UDEP),fb1d6938-aed4-44b8-bc70-03d1379f0712,NO,editar el formulario en HubSpot (no cambia el formId),el campo oculto envia otro programa
programa-de-especializacion-en-felicidad-organizacional-y-inteligencia-emocional,https://udeponline.pe/programa-de-especializacion-en-felicidad-organizacional-y-inteligencia-emocional/,programa,72e670fc-a6d3-4ef1-a735-987515c286d6,72e670fc-a6d3-4ef1-a735-987515c286d6,2,72e670fc-a6d3-4ef1-a735-987515c286d6,SI,SI,PIURA: PDE en Felicidad Organizacional e Inteligencia Emocional (UDN UDEP),SI,Marketing Digital y Ecommerce,Felicidad Organizacional e Inteligencia Emocional,NO,0303. Activador Cluster Habilidades de Gestión Piura (UDN UDEP),72e670fc-a6d3-4ef1-a735-987515c286d6,NO,editar el formulario en HubSpot (no cambia el formId),el campo oculto envia otro programa
programa-de-especializacion-en-felicidad-y-desarrollo-organizacional,https://udeponline.pe/programa-de-especializacion-en-felicidad-y-desarrollo-organizacional/,programa,be719c32-c6ca-4e4c-ae56-e748f2edeb3a,be719c32-c6ca-4e4c-ae56-e748f2edeb3a,2,be719c32-c6ca-4e4c-ae56-e748f2edeb3a,SI,SI,PIURA: PDE en Felicidad y Desarrollo Organizacional (UDN UDEP),SI,Marketing Digital y Ecommerce,Felicidad y Desarrollo Organizacional,NO,0303. Activador Cluster Habilidades de Gestión Piura (UDN UDEP),be719c32-c6ca-4e4c-ae56-e748f2edeb3a,NO,editar el formulario en HubSpot (no cambia el formId),el campo oculto envia otro programa
programa-de-especializacion-en-gestion-del-cambio-y-negociacion-de-conflictos,https://udeponline.pe/programa-de-especializacion-en-gestion-del-cambio-y-negociacion-de-conflictos/,programa,9359c5fb-9bf0-49ff-8048-d44d56eddeb1,9359c5fb-9bf0-49ff-8048-d44d56eddeb1,2,9359c5fb-9bf0-49ff-8048-d44d56eddeb1,SI,SI,PIURA: PDE en Gestión del Cambio y Negociación de Conflictos (UDN UDEP),SI,Marketing Digital y Ecommerce,Gestión del Cambio y Negociación de Conflictos,NO,0307. Activador Cluster Emprendimiento Innovación y Tecnología (UDN UDEP),9359c5fb-9bf0-49ff-8048-d44d56eddeb1,NO,editar el formulario en HubSpot (no cambia el formId),el campo oculto envia otro programa; revisar cluster del Activador
programa-de-especializacion-en-gestion-del-talento-y-negociacion-de-conflictos,https://udeponline.pe/programa-de-especializacion-en-gestion-del-talento-y-negociacion-de-conflictos/,programa,0c7b3436-4cc6-4ada-91ea-76b82d1e64ed,0c7b3436-4cc6-4ada-91ea-76b82d1e64ed,2,0c7b3436-4cc6-4ada-91ea-76b82d1e64ed,SI,SI,PIURA: PDE en Gestión del Talento y Negociación de Conflictos,SI,Marketing Digital y Ecommerce,Gestión de Talento y Negociación de Conflictos,NO,0303. Activador Cluster Habilidades de Gestión Piura (UDN UDEP),0c7b3436-4cc6-4ada-91ea-76b82d1e64ed,NO,editar el formulario en HubSpot (no cambia el formId),el campo oculto envia otro programa
programa-de-especializacion-en-habilidades-para-la-gestion-de-equipos,https://udeponline.pe/programa-de-especializacion-en-habilidades-para-la-gestion-de-equipos/,programa,78d79e2c-ef41-47b8-a76f-16c67851c99e,78d79e2c-ef41-47b8-a76f-16c67851c99e,2,78d79e2c-ef41-47b8-a76f-16c67851c99e,SI,SI,PIURA: PDE en Habilidades para la Gestión de Equipos (UDN UDEP),SI,Marketing Digital y Ecommerce,Habilidades para la Gestión de Equipos,NO,0303. Activador Cluster Habilidades de Gestión Piura (UDN UDEP),78d79e2c-ef41-47b8-a76f-16c67851c99e,NO,editar el formulario en HubSpot (no cambia el formId),el campo oculto envia otro programa
programa-de-especializacion-en-inteligencia-emocional-y-coaching,https://udeponline.pe/programa-de-especializacion-en-inteligencia-emocional-y-coaching/,programa,518f587e-3cfe-4c56-85d7-1939a4624925,518f587e-3cfe-4c56-85d7-1939a4624925,2,518f587e-3cfe-4c56-85d7-1939a4624925,SI,SI,PIURA: PDE en Inteligencia Emocional y Coaching (UDN UDEP),SI,Marketing Digital y Ecommerce,Inteligencia Emocional y Coaching,NO,0303. Activador Cluster Habilidades de Gestión Piura (UDN UDEP),518f587e-3cfe-4c56-85d7-1939a4624925,NO,editar el formulario en HubSpot (no cambia el formId),el campo oculto envia otro programa
programa-de-especializacion-en-liderazgo-y-comunicacion-efectiva,https://udeponline.pe/programa-de-especializacion-en-liderazgo-y-comunicacion-efectiva/,programa,20d1a6ad-9788-4a2a-a6cc-4917bed546e8,20d1a6ad-9788-4a2a-a6cc-4917bed546e8,2,20d1a6ad-9788-4a2a-a6cc-4917bed546e8,SI,SI,PIURA: PDE en Liderazgo y Comunicación Efectiva (UDN UDEP),SI,Marketing Digital y Ecommerce,Liderazgo y Comunicación Efectiva,NO,0301. Activador Cluster Liderazgo y Gestión de Personas(UDN UDEP),20d1a6ad-9788-4a2a-a6cc-4917bed546e8,NO,editar el formulario en HubSpot (no cambia el formId),el campo oculto envia otro programa
programa-de-especializacion-en-liderazgo-y-felicidad-organizacional,https://udeponline.pe/programa-de-especializacion-en-liderazgo-y-felicidad-organizacional/,programa,81e1fd4a-6992-4150-9153-ca6bcb9ad986,81e1fd4a-6992-4150-9153-ca6bcb9ad986,2,81e1fd4a-6992-4150-9153-ca6bcb9ad986,SI,SI,PIURA: PDE en Liderazgo y Felicidad Organizacional (UDN UDEP),SI,Marketing Digital y Ecommerce,liderazgo_y_felicidad_organizacional,NO,0301. Activador Cluster Liderazgo y Gestión de Personas(UDN UDEP),81e1fd4a-6992-4150-9153-ca6bcb9ad986,NO,editar el formulario en HubSpot (no cambia el formId),el campo oculto envia otro programa
programa-de-especializacion-en-liderazgo-y-gestion-del-talento,https://udeponline.pe/programa-de-especializacion-en-liderazgo-y-gestion-del-talento/,programa,c207918c-7869-42f2-96f7-76a963123ef5,c207918c-7869-42f2-96f7-76a963123ef5,2,c207918c-7869-42f2-96f7-76a963123ef5,SI,SI,PIURA: PDE en Liderazgo y Gestión del Talento (UDN UDEP),SI,Marketing Digital y Ecommerce,Liderazgo y Gestión del Talento,NO,0301. Activador Cluster Liderazgo y Gestión de Personas(UDN UDEP),c207918c-7869-42f2-96f7-76a963123ef5,NO,editar el formulario en HubSpot (no cambia el formId),el campo oculto envia otro programa
programa-de-especializacion-en-liderazgo-y-negociacion-de-conflictos,https://udeponline.pe/programa-de-especializacion-en-liderazgo-y-negociacion-de-conflictos/,programa,84f82226-d1c2-43aa-b4e9-da20f43c0548,84f82226-d1c2-43aa-b4e9-da20f43c0548,8,84f82226-d1c2-43aa-b4e9-da20f43c0548,SI,SI,Liderazgo y Negociación de Conflictos Piura (UDN UDEP),SI,Marketing Digital y Ecommerce,Liderazgo y Negociación de Conflictos,NO,0301. Activador Cluster Liderazgo y Gestión de Personas(UDN UDEP),84f82226-d1c2-43aa-b4e9-da20f43c0548,NO,editar el formulario en HubSpot (no cambia el formId),marcado: 8 incrustaciones / 1 formularios (6 bloques con HS_FORM_ID sin resolver); el campo oculto envia otro programa
programa-de-especializacion-en-liderazgo-y-transformacion-digital,https://udeponline.pe/programa-de-especializacion-en-liderazgo-y-transformacion-digital/,programa,1117d061-5d64-4497-9ce3-e3aff834e996,1117d061-5d64-4497-9ce3-e3aff834e996,2,1117d061-5d64-4497-9ce3-e3aff834e996,SI,SI,PIURA: PDE en Liderazgo y Transformación Digital (UDN UDEP),SI,Marketing Digital y Ecommerce,liderazgo_y_transformacion_digital,NO,0301. Activador Cluster Liderazgo y Gestión de Personas(UDN UDEP),1117d061-5d64-4497-9ce3-e3aff834e996,NO,editar el formulario en HubSpot (no cambia el formId),el campo oculto envia otro programa
programa-de-especializacion-en-marketing-digital-y-business-model,https://udeponline.pe/programa-de-especializacion-en-marketing-digital-y-business-model/,programa,f49da541-6cda-489e-98cf-985b7b3dc1b8,f49da541-6cda-489e-98cf-985b7b3dc1b8,2,f49da541-6cda-489e-98cf-985b7b3dc1b8,SI,SI,Marketing Digital y Business Model Piura (UDN UDEP),SI,Marketing Digital y Ecommerce,Marketing Digital y Business Model,NO,0302. Activador Cluster Marketing Digital Piura (UDN UDEP),f49da541-6cda-489e-98cf-985b7b3dc1b8,NO,editar el formulario en HubSpot (no cambia el formId),el campo oculto envia otro programa
programa-de-especializacion-en-marketing-digital-y-e-commerce,https://udeponline.pe/programa-de-especializacion-en-marketing-digital-y-e-commerce/,programa,cd64140f-f93d-4265-8222-426ad8dfc3d8,cd64140f-f93d-4265-8222-426ad8dfc3d8,2,cd64140f-f93d-4265-8222-426ad8dfc3d8,SI,SI,PIURA: PDE en Marketing Digital y E-commerce (UDN UDEP),SI,Marketing Digital y Ecommerce,Marketing Digital y Ecommerce,SI,0302. Activador Cluster Marketing Digital Piura (UDN UDEP),cd64140f-f93d-4265-8222-426ad8dfc3d8,NO,nada,
programa-de-especializacion-en-modelo-de-negocios-digitales-y-business-intelligence,https://udeponline.pe/programa-de-especializacion-en-modelo-de-negocios-digitales-y-business-intelligence/,programa,b8164bf0-4166-46aa-8760-5cb87ebd8888,b8164bf0-4166-46aa-8760-5cb87ebd8888,2,b8164bf0-4166-46aa-8760-5cb87ebd8888,SI,SI,PDE en Modelo de Negocios Digitales y Business Intelligence,SI,Marketing Digital y Ecommerce,Modelo de Negocios Digitales y Business Intelligence,NO,0307. Activador Cluster Emprendimiento Innovación y Tecnología (UDN UDEP),b8164bf0-4166-46aa-8760-5cb87ebd8888,NO,editar el formulario en HubSpot (no cambia el formId),el campo oculto envia otro programa
programa-de-especializacion-en-modelo-de-negocios-y-transformacion-digital,https://udeponline.pe/programa-de-especializacion-en-modelo-de-negocios-y-transformacion-digital/,programa,5878cd5d-839e-4146-bc79-725360097a74,5878cd5d-839e-4146-bc79-725360097a74,2,5878cd5d-839e-4146-bc79-725360097a74,SI,SI,PIURA: PDE en Modelo de Negocios y Transformación Digital (UDN UDEP),SI,Marketing Digital y Ecommerce,Modelo de Negocios y Transformación Digital,NO,0307. Activador Cluster Emprendimiento Innovación y Tecnología (UDN UDEP),5878cd5d-839e-4146-bc79-725360097a74,NO,editar el formulario en HubSpot (no cambia el formId),el campo oculto envia otro programa
