pagina,url,instancia,formId_en_la_pagina,apunta_hoy_a_nombre_real_hubspot,programa_que_envia_el_formulario,formId_canon,nombre_en_canon,fila_canon,canon_encontrado_por,coincide_con_canon,veredicto,formId_que_debe_quedar,accion,detalle
curso-de-analitica-digital-growth-marketing,https://udeponline.pe/curso-de-analitica-digital-growth-marketing/,hero,7a38b319-f279-497a-84c6-e85dad3de2a4,Curso Analítica Digital & Growth Marketing Piura (UDN UDEP),Gestión del Talento,,,,,NO,CANON SIN FILA,7a38b319-f279-497a-84c6-e85dad3de2a4,nada: el formId de la pagina es el correcto; agregar la fila a la planilla,la planilla no tiene fila para esta pagina
curso-de-analitica-digital-growth-marketing,https://udeponline.pe/curso-de-analitica-digital-growth-marketing/,modal,7a38b319-f279-497a-84c6-e85dad3de2a4,Curso Analítica Digital & Growth Marketing Piura (UDN UDEP),Gestión del Talento,,,,,NO,CANON SIN FILA,7a38b319-f279-497a-84c6-e85dad3de2a4,nada: el formId de la pagina es el correcto; agregar la fila a la planilla,la planilla no tiene fila para esta pagina
curso-de-business-intelligence-data-science,https://udeponline.pe/curso-de-business-intelligence-data-science/,hero,0a25bf0d-06d8-4722-8735-18cd0078c725,Curso Business Intelligence & Data Science  Piura (UDN UDEP),Gestión del Talento,0a25bf0d-06d8-4722-8735-18cd0078c725,Business Intelligence & Data Science,24,url,SI,COINCIDE,0a25bf0d-06d8-4722-8735-18cd0078c725,nada: el formId de la pagina es el correcto,
curso-de-business-intelligence-data-science,https://udeponline.pe/curso-de-business-intelligence-data-science/,modal,0a25bf0d-06d8-4722-8735-18cd0078c725,Curso Business Intelligence & Data Science  Piura (UDN UDEP),Gestión del Talento,0a25bf0d-06d8-4722-8735-18cd0078c725,Business Intelligence & Data Science,24,url,SI,COINCIDE,0a25bf0d-06d8-4722-8735-18cd0078c725,nada: el formId de la pagina es el correcto,
curso-de-coaching,https://udeponline.pe/curso-de-coaching/,hero,294bab20-eebc-43aa-bdc6-b9aff0882c40,Curso Coaching (UDN UDEP).,,294bab20-eebc-43aa-bdc6-b9aff0882c40,Coaching,25,url,SI,COINCIDE,294bab20-eebc-43aa-bdc6-b9aff0882c40,nada: el formId de la pagina es el correcto,
curso-de-coaching,https://udeponline.pe/curso-de-coaching/,modal,294bab20-eebc-43aa-bdc6-b9aff0882c40,Curso Coaching (UDN UDEP).,,294bab20-eebc-43aa-bdc6-b9aff0882c40,Coaching,25,url,SI,COINCIDE,294bab20-eebc-43aa-bdc6-b9aff0882c40,nada: el formId de la pagina es el correcto,
curso-de-comunicacion-efectiva,https://udeponline.pe/curso-de-comunicacion-efectiva/,hero,f828a14e-d122-4982-91c5-0f956c00617c,Curso Comunicación Efectiva Piura  (UDN UDEP),Gestión del Talento,f828a14e-d122-4982-91c5-0f956c00617c,Comunicacio Efectiva,33,url,SI,COINCIDE,f828a14e-d122-4982-91c5-0f956c00617c,nada: el formId de la pagina es el correcto,
curso-de-comunicacion-efectiva,https://udeponline.pe/curso-de-comunicacion-efectiva/,modal,f828a14e-d122-4982-91c5-0f956c00617c,Curso Comunicación Efectiva Piura  (UDN UDEP),Gestión del Talento,f828a14e-d122-4982-91c5-0f956c00617c,Comunicacio Efectiva,33,url,SI,COINCIDE,f828a14e-d122-4982-91c5-0f956c00617c,nada: el formId de la pagina es el correcto,
curso-de-digital-business-model,https://udeponline.pe/curso-de-digital-business-model/,hero,00b12055-381c-43f6-9dc1-45372becccd8,Curso Digital Business Model Piura  (UDN UDEP),Gestión del Talento,b92183d3-4a82-42a8-be63-805d1204e40a,Digital Business Model,30,url,NO,FALSA ALARMA DEL CANON,00b12055-381c-43f6-9dc1-45372becccd8,nada: el formId de la pagina es el correcto; corregir la planilla (fila 30): su ID b92183d3 resuelve a 'Curso Digital Business Model  (UDN UDEP)',"el sitio usa 'Curso Digital Business Model Piura  (UDN UDEP)', que corresponde a la pagina; el canon dice b92183d3 = 'Curso Digital Business Model  (UDN UDEP)'"
curso-de-digital-business-model,https://udeponline.pe/curso-de-digital-business-model/,modal,00b12055-381c-43f6-9dc1-45372becccd8,Curso Digital Business Model Piura  (UDN UDEP),Gestión del Talento,b92183d3-4a82-42a8-be63-805d1204e40a,Digital Business Model,30,url,NO,FALSA ALARMA DEL CANON,00b12055-381c-43f6-9dc1-45372becccd8,nada: el formId de la pagina es el correcto; corregir la planilla (fila 30): su ID b92183d3 resuelve a 'Curso Digital Business Model  (UDN UDEP)',"el sitio usa 'Curso Digital Business Model Piura  (UDN UDEP)', que corresponde a la pagina; el canon dice b92183d3 = 'Curso Digital Business Model  (UDN UDEP)'"
curso-de-felicidad-y-bienestar-organizacional,https://udeponline.pe/curso-de-felicidad-y-bienestar-organizacional/,hero,3727950a-ecce-48ee-b75e-b3c46cc54c7a,Curso Felicidad y Bienestar Organizacional Piura (UDN UDEP),Gestión del Talento,3727950a-ecce-48ee-b75e-b3c46cc54c7a,Felicidad y Bienestar Organizacional,31,url,SI,COINCIDE,3727950a-ecce-48ee-b75e-b3c46cc54c7a,nada: el formId de la pagina es el correcto,
curso-de-felicidad-y-bienestar-organizacional,https://udeponline.pe/curso-de-felicidad-y-bienestar-organizacional/,modal,3727950a-ecce-48ee-b75e-b3c46cc54c7a,Curso Felicidad y Bienestar Organizacional Piura (UDN UDEP),Gestión del Talento,3727950a-ecce-48ee-b75e-b3c46cc54c7a,Felicidad y Bienestar Organizacional,31,url,SI,COINCIDE,3727950a-ecce-48ee-b75e-b3c46cc54c7a,nada: el formId de la pagina es el correcto,
curso-de-gestion-de-equipos-de-alto-rendimiento,https://udeponline.pe/curso-de-gestion-de-equipos-de-alto-rendimiento/,hero,84e5b722-e953-4dc9-a199-61f96667f10e,Curso Gestión de Equipos de Alto Rendimiento Piura  (UDN UDEP),Gestión del Talento,84e5b722-e953-4dc9-a199-61f96667f10e,Gestión de Equipos de Alto Rendimiento,32,url,SI,COINCIDE,84e5b722-e953-4dc9-a199-61f96667f10e,nada: el formId de la pagina es el correcto,
curso-de-gestion-de-equipos-de-alto-rendimiento,https://udeponline.pe/curso-de-gestion-de-equipos-de-alto-rendimiento/,modal,84e5b722-e953-4dc9-a199-61f96667f10e,Curso Gestión de Equipos de Alto Rendimiento Piura  (UDN UDEP),Gestión del Talento,84e5b722-e953-4dc9-a199-61f96667f10e,Gestión de Equipos de Alto Rendimiento,32,url,SI,COINCIDE,84e5b722-e953-4dc9-a199-61f96667f10e,nada: el formId de la pagina es el correcto,
curso-de-gestion-del-talento,https://udeponline.pe/curso-de-gestion-del-talento/,hero,d6c333ed-17db-4e16-8afa-d87ef1b4eb49,Curso Gestión del Talento Piura (UDN UDEP),Gestión del Talento,d6c333ed-17db-4e16-8afa-d87ef1b4eb49,Gestión del Talento,21,url,SI,COINCIDE,d6c333ed-17db-4e16-8afa-d87ef1b4eb49,nada: el formId de la pagina es el correcto,
curso-de-gestion-del-talento,https://udeponline.pe/curso-de-gestion-del-talento/,modal,d6c333ed-17db-4e16-8afa-d87ef1b4eb49,Curso Gestión del Talento Piura (UDN UDEP),Gestión del Talento,d6c333ed-17db-4e16-8afa-d87ef1b4eb49,Gestión del Talento,21,url,SI,COINCIDE,d6c333ed-17db-4e16-8afa-d87ef1b4eb49,nada: el formId de la pagina es el correcto,
curso-de-inteligencia-emocional,https://udeponline.pe/curso-de-inteligencia-emocional/,hero,c1438a54-76d7-4155-8ec0-28d6c65e24fb,Curso Inteligencia Emocional (UDN-UDEP).,,c1438a54-76d7-4155-8ec0-28d6c65e24fb,Inteligencia Emocional,26,url,SI,COINCIDE,c1438a54-76d7-4155-8ec0-28d6c65e24fb,nada: el formId de la pagina es el correcto,
curso-de-inteligencia-emocional,https://udeponline.pe/curso-de-inteligencia-emocional/,modal,c1438a54-76d7-4155-8ec0-28d6c65e24fb,Curso Inteligencia Emocional (UDN-UDEP).,,c1438a54-76d7-4155-8ec0-28d6c65e24fb,Inteligencia Emocional,26,url,SI,COINCIDE,c1438a54-76d7-4155-8ec0-28d6c65e24fb,nada: el formId de la pagina es el correcto,
curso-de-liderazgo-en-la-era-digital,https://udeponline.pe/curso-de-liderazgo-en-la-era-digital/,hero,89781058-251b-4213-9673-08605ddc1b93,Curso Liderazgo en la era digital Piura (UDN UDEP),Gestión del Talento,89781058-251b-4213-9673-08605ddc1b93,Liderazgo en la Era Digital,20,url,SI,COINCIDE,89781058-251b-4213-9673-08605ddc1b93,nada: el formId de la pagina es el correcto,
curso-de-liderazgo-en-la-era-digital,https://udeponline.pe/curso-de-liderazgo-en-la-era-digital/,modal,89781058-251b-4213-9673-08605ddc1b93,Curso Liderazgo en la era digital Piura (UDN UDEP),Gestión del Talento,89781058-251b-4213-9673-08605ddc1b93,Liderazgo en la Era Digital,20,url,SI,COINCIDE,89781058-251b-4213-9673-08605ddc1b93,nada: el formId de la pagina es el correcto,
curso-de-marketing-digital,https://udeponline.pe/curso-de-marketing-digital/,hero,b6e43bcf-a7cc-4b9e-ae6c-1087963599b3,Curso Marketing Digital (UDN-UDEP),,b6e43bcf-a7cc-4b9e-ae6c-1087963599b3,Marketing Digital,29,url,SI,COINCIDE,b6e43bcf-a7cc-4b9e-ae6c-1087963599b3,nada: el formId de la pagina es el correcto,
curso-de-marketing-digital,https://udeponline.pe/curso-de-marketing-digital/,modal,b6e43bcf-a7cc-4b9e-ae6c-1087963599b3,Curso Marketing Digital (UDN-UDEP),,b6e43bcf-a7cc-4b9e-ae6c-1087963599b3,Marketing Digital,29,url,SI,COINCIDE,b6e43bcf-a7cc-4b9e-ae6c-1087963599b3,nada: el formId de la pagina es el correcto,
curso-de-negociacion-y-resolucion-de-conflictos,https://udeponline.pe/curso-de-negociacion-y-resolucion-de-conflictos/,hero,51477554-b683-4fb1-99c3-9b063b68c3a3,Curso Negociación y Resolución de Conflictos Piura  (UDN UDEP),Gestión del Talento,51477554-b683-4fb1-99c3-9b063b68c3a3,Negociación y Resolución de Conflictos,22,url,SI,COINCIDE,51477554-b683-4fb1-99c3-9b063b68c3a3,nada: el formId de la pagina es el correcto,
curso-de-negociacion-y-resolucion-de-conflictos,https://udeponline.pe/curso-de-negociacion-y-resolucion-de-conflictos/,modal,51477554-b683-4fb1-99c3-9b063b68c3a3,Curso Negociación y Resolución de Conflictos Piura  (UDN UDEP),Gestión del Talento,51477554-b683-4fb1-99c3-9b063b68c3a3,Negociación y Resolución de Conflictos,22,url,SI,COINCIDE,51477554-b683-4fb1-99c3-9b063b68c3a3,nada: el formId de la pagina es el correcto,
curso-de-negocios-e-commerce,https://udeponline.pe/curso-de-negocios-e-commerce/,hero,66f1f7d0-79f6-4ef5-8796-4d0e41e3db89,Curso Negocios Ecommerce (UDN - UDEP) ,,66f1f7d0-79f6-4ef5-8796-4d0e41e3db89,Negocios Ecommerce,28,url,SI,COINCIDE,66f1f7d0-79f6-4ef5-8796-4d0e41e3db89,nada: el formId de la pagina es el correcto,
curso-de-negocios-e-commerce,https://udeponline.pe/curso-de-negocios-e-commerce/,modal,66f1f7d0-79f6-4ef5-8796-4d0e41e3db89,Curso Negocios Ecommerce (UDN - UDEP) ,,66f1f7d0-79f6-4ef5-8796-4d0e41e3db89,Negocios Ecommerce,28,url,SI,COINCIDE,66f1f7d0-79f6-4ef5-8796-4d0e41e3db89,nada: el formId de la pagina es el correcto,
curso-de-negocios-innovadores,https://udeponline.pe/curso-de-negocios-innovadores/,hero,a44b1d7f-6c25-4797-a134-6e4581722480,Curso Negocios Innovadores  (UDN UDEP),Gestión del Talento,a44b1d7f-6c25-4797-a134-6e4581722480,Negocios Innovadores,35,id (la URL del canon no coincide o esta vacia),SI,COINCIDE,a44b1d7f-6c25-4797-a134-6e4581722480,nada: el formId de la pagina es el correcto,
curso-de-negocios-innovadores,https://udeponline.pe/curso-de-negocios-innovadores/,modal,a44b1d7f-6c25-4797-a134-6e4581722480,Curso Negocios Innovadores  (UDN UDEP),Gestión del Talento,a44b1d7f-6c25-4797-a134-6e4581722480,Negocios Innovadores,35,id (la URL del canon no coincide o esta vacia),SI,COINCIDE,a44b1d7f-6c25-4797-a134-6e4581722480,nada: el formId de la pagina es el correcto,
curso-de-transformacion-digital,https://udeponline.pe/curso-de-transformacion-digital/,hero,179df4f7-4389-45b3-9550-8cf9d6ac1c09,Curso Transformación Digital Piura  (UDN UDEP),Gestión del Talento,179df4f7-4389-45b3-9550-8cf9d6ac1c09,Transformación Digital,23,url,SI,COINCIDE,179df4f7-4389-45b3-9550-8cf9d6ac1c09,nada: el formId de la pagina es el correcto,
curso-de-transformacion-digital,https://udeponline.pe/curso-de-transformacion-digital/,modal,179df4f7-4389-45b3-9550-8cf9d6ac1c09,Curso Transformación Digital Piura  (UDN UDEP),Gestión del Talento,179df4f7-4389-45b3-9550-8cf9d6ac1c09,Transformación Digital,23,url,SI,COINCIDE,179df4f7-4389-45b3-9550-8cf9d6ac1c09,nada: el formId de la pagina es el correcto,
curso-desarrollo-organizacional-y-gestion-del-cambio,https://udeponline.pe/curso-desarrollo-organizacional-y-gestion-del-cambio/,hero,47578cfa-f426-4fc3-a358-e880a8ad121e,Curso Desarrollo Organizacional y Gestión del Cambio  (UDN UDEP),Gestión del Talento,47578cfa-f426-4fc3-a358-e880a8ad121e,Desarrollo Organizacional y Gestión del Cambio,27,url,SI,COINCIDE,47578cfa-f426-4fc3-a358-e880a8ad121e,nada: el formId de la pagina es el correcto,
curso-desarrollo-organizacional-y-gestion-del-cambio,https://udeponline.pe/curso-desarrollo-organizacional-y-gestion-del-cambio/,modal,47578cfa-f426-4fc3-a358-e880a8ad121e,Curso Desarrollo Organizacional y Gestión del Cambio  (UDN UDEP),Gestión del Talento,47578cfa-f426-4fc3-a358-e880a8ad121e,Desarrollo Organizacional y Gestión del Cambio,27,url,SI,COINCIDE,47578cfa-f426-4fc3-a358-e880a8ad121e,nada: el formId de la pagina es el correcto,
diplomado-en-gestion-de-la-felicidad-y-bienestar-organizacional,https://udeponline.pe/diplomado-en-gestion-de-la-felicidad-y-bienestar-organizacional/,hero,0ce67a0b-b785-4f54-b09f-0016e2f3a4d2,PIURA: Gestión Felicidad y Bienestar Organizacional (UDN UDEP),Marketing Digital y Ecommerce,0ce67a0b-b785-4f54-b09f-0016e2f3a4d2,Diplomado Gestión Felicidad y Bienestar Organizaciona,41,id (la URL del canon no coincide o esta vacia),SI,COINCIDE,0ce67a0b-b785-4f54-b09f-0016e2f3a4d2,nada: el formId de la pagina es el correcto,
diplomado-en-gestion-de-la-felicidad-y-bienestar-organizacional,https://udeponline.pe/diplomado-en-gestion-de-la-felicidad-y-bienestar-organizacional/,modal,0ce67a0b-b785-4f54-b09f-0016e2f3a4d2,PIURA: Gestión Felicidad y Bienestar Organizacional (UDN UDEP),Marketing Digital y Ecommerce,0ce67a0b-b785-4f54-b09f-0016e2f3a4d2,Diplomado Gestión Felicidad y Bienestar Organizaciona,41,id (la URL del canon no coincide o esta vacia),SI,COINCIDE,0ce67a0b-b785-4f54-b09f-0016e2f3a4d2,nada: el formId de la pagina es el correcto,
diplomado-en-habilidades-para-la-gestion-de-equipos,https://udeponline.pe/diplomado-en-habilidades-para-la-gestion-de-equipos/,hero,c86ebf10-b97f-49a4-98ca-c16c183462ad,PIURA: Habilidades para la Gestión de Equipos (UDN UDEP),Marketing Digital y Ecommerce,c86ebf10-b97f-49a4-98ca-c16c183462ad,Diplomado en Habilidades para la Gestión de Equipos,39,id (la URL del canon no coincide o esta vacia),SI,COINCIDE,c86ebf10-b97f-49a4-98ca-c16c183462ad,nada: el formId de la pagina es el correcto,
diplomado-en-habilidades-para-la-gestion-de-equipos,https://udeponline.pe/diplomado-en-habilidades-para-la-gestion-de-equipos/,modal,c86ebf10-b97f-49a4-98ca-c16c183462ad,PIURA: Habilidades para la Gestión de Equipos (UDN UDEP),Marketing Digital y Ecommerce,c86ebf10-b97f-49a4-98ca-c16c183462ad,Diplomado en Habilidades para la Gestión de Equipos,39,id (la URL del canon no coincide o esta vacia),SI,COINCIDE,c86ebf10-b97f-49a4-98ca-c16c183462ad,nada: el formId de la pagina es el correcto,
diplomado-en-inteligencia-emocional-y-coaching-para-el-liderazgo-en-las-organizaciones,https://udeponline.pe/diplomado-en-inteligencia-emocional-y-coaching-para-el-liderazgo-en-las-organizaciones/,hero,bef4306e-9106-4ad8-920f-c01e63c7726e,PIURA: Diplomado Inteligencia Emocional & Coaching (UDN UDEP),Marketing Digital y Ecommerce,,,,,NO,CANON SIN FILA,bef4306e-9106-4ad8-920f-c01e63c7726e,nada: el formId de la pagina es el correcto; agregar la fila a la planilla,la planilla no tiene fila para esta pagina
diplomado-en-inteligencia-emocional-y-coaching-para-el-liderazgo-en-las-organizaciones,https://udeponline.pe/diplomado-en-inteligencia-emocional-y-coaching-para-el-liderazgo-en-las-organizaciones/,modal,bef4306e-9106-4ad8-920f-c01e63c7726e,PIURA: Diplomado Inteligencia Emocional & Coaching (UDN UDEP),Marketing Digital y Ecommerce,,,,,NO,CANON SIN FILA,bef4306e-9106-4ad8-920f-c01e63c7726e,nada: el formId de la pagina es el correcto; agregar la fila a la planilla,la planilla no tiene fila para esta pagina
diplomado-en-liderazgo-y-gestion-del-talento,https://udeponline.pe/diplomado-en-liderazgo-y-gestion-del-talento/,hero,74f59f7e-d2cd-40ad-911b-face84652266,PIURA: Diplomado Liderazgo y Gestión del Talento (UDN UDEP),Marketing Digital y Ecommerce,74f59f7e-d2cd-40ad-911b-face84652266,Diplomado Liderazgo y Gestión del Talento,40,id (la URL del canon no coincide o esta vacia),SI,COINCIDE,74f59f7e-d2cd-40ad-911b-face84652266,nada: el formId de la pagina es el correcto,
diplomado-en-liderazgo-y-gestion-del-talento,https://udeponline.pe/diplomado-en-liderazgo-y-gestion-del-talento/,modal,74f59f7e-d2cd-40ad-911b-face84652266,PIURA: Diplomado Liderazgo y Gestión del Talento (UDN UDEP),Marketing Digital y Ecommerce,74f59f7e-d2cd-40ad-911b-face84652266,Diplomado Liderazgo y Gestión del Talento,40,id (la URL del canon no coincide o esta vacia),SI,COINCIDE,74f59f7e-d2cd-40ad-911b-face84652266,nada: el formId de la pagina es el correcto,
diplomado-en-marketing-digital-y-analitica,https://udeponline.pe/diplomado-en-marketing-digital-y-analitica/,hero,36b4d47d-ccc6-4c5f-add9-b6477706ad65,PIURA: DiplomadoMarketing Digital y Analítica (UDN UDEP),Marketing Digital y Ecommerce,36b4d47d-ccc6-4c5f-add9-b6477706ad65,Diplomado Marketing Digital y Analítica,38,id (la URL del canon no coincide o esta vacia),SI,COINCIDE,36b4d47d-ccc6-4c5f-add9-b6477706ad65,nada: el formId de la pagina es el correcto,
diplomado-en-marketing-digital-y-analitica,https://udeponline.pe/diplomado-en-marketing-digital-y-analitica/,modal,36b4d47d-ccc6-4c5f-add9-b6477706ad65,PIURA: DiplomadoMarketing Digital y Analítica (UDN UDEP),Marketing Digital y Ecommerce,36b4d47d-ccc6-4c5f-add9-b6477706ad65,Diplomado Marketing Digital y Analítica,38,id (la URL del canon no coincide o esta vacia),SI,COINCIDE,36b4d47d-ccc6-4c5f-add9-b6477706ad65,nada: el formId de la pagina es el correcto,
diplomado-en-marketing-digital-y-ecommerce,https://udeponline.pe/diplomado-en-marketing-digital-y-ecommerce/,hero,243be113-191b-4e14-92a7-1636105d46f4,PIURA: Diplomado en Marketing Digital y Ecommerce (UDN UDEP),Marketing Digital y Ecommerce,243be113-191b-4e14-92a7-1636105d46f4,Diplomado En Marketing Digital Y Ecommerce,36,url,SI,COINCIDE,243be113-191b-4e14-92a7-1636105d46f4,nada: el formId de la pagina es el correcto,
diplomado-en-marketing-digital-y-ecommerce,https://udeponline.pe/diplomado-en-marketing-digital-y-ecommerce/,modal,243be113-191b-4e14-92a7-1636105d46f4,PIURA: Diplomado en Marketing Digital y Ecommerce (UDN UDEP),Marketing Digital y Ecommerce,243be113-191b-4e14-92a7-1636105d46f4,Diplomado En Marketing Digital Y Ecommerce,36,url,SI,COINCIDE,243be113-191b-4e14-92a7-1636105d46f4,nada: el formId de la pagina es el correcto,
programa-de-especializacion-en-comunicacion-efectiva-y-gestion-de-equipos-de-alto-rendimiento,https://udeponline.pe/programa-de-especializacion-en-comunicacion-efectiva-y-gestion-de-equipos-de-alto-rendimiento/,hero,523d3530-c6c2-415d-a587-096a58a3f71f,Comunicación Efectiva y Gestión de Equipos de Alto Rendimiento Piura  (UDN UDEP),Marketing Digital y Ecommerce,523d3530-c6c2-415d-a587-096a58a3f71f,Programa de Especialización en Comunicación Efectiva y Gestión de Equipos de Alto Rendimiento,15,url,SI,COINCIDE,523d3530-c6c2-415d-a587-096a58a3f71f,nada: el formId de la pagina es el correcto,
programa-de-especializacion-en-comunicacion-efectiva-y-gestion-de-equipos-de-alto-rendimiento,https://udeponline.pe/programa-de-especializacion-en-comunicacion-efectiva-y-gestion-de-equipos-de-alto-rendimiento/,modal,523d3530-c6c2-415d-a587-096a58a3f71f,Comunicación Efectiva y Gestión de Equipos de Alto Rendimiento Piura  (UDN UDEP),Marketing Digital y Ecommerce,523d3530-c6c2-415d-a587-096a58a3f71f,Programa de Especialización en Comunicación Efectiva y Gestión de Equipos de Alto Rendimiento,15,url,SI,COINCIDE,523d3530-c6c2-415d-a587-096a58a3f71f,nada: el formId de la pagina es el correcto,
programa-de-especializacion-en-comunicacion-efectiva-y-gestion-del-talento,https://udeponline.pe/programa-de-especializacion-en-comunicacion-efectiva-y-gestion-del-talento/,hero,d60e69e9-97ee-4b86-beee-2447c8305fff,PIURA: PDE en Comunicación efectiva y Gestión del Talento ,Marketing Digital y Ecommerce,d60e69e9-97ee-4b86-beee-2447c8305fff,Programa de Especialización en Comunicación Efectiva y Gestión del Talento,11,url,SI,COINCIDE,d60e69e9-97ee-4b86-beee-2447c8305fff,nada: el formId de la pagina es el correcto,
programa-de-especializacion-en-comunicacion-efectiva-y-gestion-del-talento,https://udeponline.pe/programa-de-especializacion-en-comunicacion-efectiva-y-gestion-del-talento/,modal,d60e69e9-97ee-4b86-beee-2447c8305fff,PIURA: PDE en Comunicación efectiva y Gestión del Talento ,Marketing Digital y Ecommerce,d60e69e9-97ee-4b86-beee-2447c8305fff,Programa de Especialización en Comunicación Efectiva y Gestión del Talento,11,url,SI,COINCIDE,d60e69e9-97ee-4b86-beee-2447c8305fff,nada: el formId de la pagina es el correcto,
programa-de-especializacion-en-felicidad-organizacional-y-gestion-de-equipos-de-alto-rendimiento,https://udeponline.pe/programa-de-especializacion-en-felicidad-organizacional-y-gestion-de-equipos-de-alto-rendimiento/,hero,fb1d6938-aed4-44b8-bc70-03d1379f0712,PIURA: PDE en Felicidad Organizacional y Gestión de Equipos de Alto Rendimiento (UDN UDEP),Marketing Digital y Ecommerce,fb1d6938-aed4-44b8-bc70-03d1379f0712,Programa de Especialización en Felicidad Organizacional y Gestión de Equipos de Alto Rendimiento,14,url,SI,COINCIDE,fb1d6938-aed4-44b8-bc70-03d1379f0712,nada: el formId de la pagina es el correcto,
programa-de-especializacion-en-felicidad-organizacional-y-gestion-de-equipos-de-alto-rendimiento,https://udeponline.pe/programa-de-especializacion-en-felicidad-organizacional-y-gestion-de-equipos-de-alto-rendimiento/,modal,fb1d6938-aed4-44b8-bc70-03d1379f0712,PIURA: PDE en Felicidad Organizacional y Gestión de Equipos de Alto Rendimiento (UDN UDEP),Marketing Digital y Ecommerce,fb1d6938-aed4-44b8-bc70-03d1379f0712,Programa de Especialización en Felicidad Organizacional y Gestión de Equipos de Alto Rendimiento,14,url,SI,COINCIDE,fb1d6938-aed4-44b8-bc70-03d1379f0712,nada: el formId de la pagina es el correcto,
programa-de-especializacion-en-felicidad-organizacional-y-inteligencia-emocional,https://udeponline.pe/programa-de-especializacion-en-felicidad-organizacional-y-inteligencia-emocional/,hero,72e670fc-a6d3-4ef1-a735-987515c286d6,PIURA: PDE en Felicidad Organizacional e Inteligencia Emocional (UDN UDEP),Marketing Digital y Ecommerce,72e670fc-a6d3-4ef1-a735-987515c286d6,Programa de Especialización en Felicidad Organizacional e Inteligencia Emocional,13,url,SI,COINCIDE,72e670fc-a6d3-4ef1-a735-987515c286d6,nada: el formId de la pagina es el correcto,
programa-de-especializacion-en-felicidad-organizacional-y-inteligencia-emocional,https://udeponline.pe/programa-de-especializacion-en-felicidad-organizacional-y-inteligencia-emocional/,modal,72e670fc-a6d3-4ef1-a735-987515c286d6,PIURA: PDE en Felicidad Organizacional e Inteligencia Emocional (UDN UDEP),Marketing Digital y Ecommerce,72e670fc-a6d3-4ef1-a735-987515c286d6,Programa de Especialización en Felicidad Organizacional e Inteligencia Emocional,13,url,SI,COINCIDE,72e670fc-a6d3-4ef1-a735-987515c286d6,nada: el formId de la pagina es el correcto,
programa-de-especializacion-en-felicidad-y-desarrollo-organizacional,https://udeponline.pe/programa-de-especializacion-en-felicidad-y-desarrollo-organizacional/,hero,be719c32-c6ca-4e4c-ae56-e748f2edeb3a,PIURA: PDE en Felicidad y Desarrollo Organizacional (UDN UDEP),Marketing Digital y Ecommerce,be719c32-c6ca-4e4c-ae56-e748f2edeb3a,Programa de Especialización en Felicidad y Desarrollo Organizacional,19,id (la URL del canon no coincide o esta vacia),SI,COINCIDE,be719c32-c6ca-4e4c-ae56-e748f2edeb3a,nada: el formId de la pagina es el correcto,
programa-de-especializacion-en-felicidad-y-desarrollo-organizacional,https://udeponline.pe/programa-de-especializacion-en-felicidad-y-desarrollo-organizacional/,modal,be719c32-c6ca-4e4c-ae56-e748f2edeb3a,PIURA: PDE en Felicidad y Desarrollo Organizacional (UDN UDEP),Marketing Digital y Ecommerce,be719c32-c6ca-4e4c-ae56-e748f2edeb3a,Programa de Especialización en Felicidad y Desarrollo Organizacional,19,id (la URL del canon no coincide o esta vacia),SI,COINCIDE,be719c32-c6ca-4e4c-ae56-e748f2edeb3a,nada: el formId de la pagina es el correcto,
programa-de-especializacion-en-gestion-del-cambio-y-negociacion-de-conflictos,https://udeponline.pe/programa-de-especializacion-en-gestion-del-cambio-y-negociacion-de-conflictos/,hero,9359c5fb-9bf0-49ff-8048-d44d56eddeb1,PIURA: PDE en Gestión del Cambio y Negociación de Conflictos (UDN UDEP),Marketing Digital y Ecommerce,9359c5fb-9bf0-49ff-8048-d44d56eddeb1,Programa de Especialización en Gestión del Cambio y Negociación de Conflictos,9,url,SI,COINCIDE,9359c5fb-9bf0-49ff-8048-d44d56eddeb1,nada: el formId de la pagina es el correcto,
programa-de-especializacion-en-gestion-del-cambio-y-negociacion-de-conflictos,https://udeponline.pe/programa-de-especializacion-en-gestion-del-cambio-y-negociacion-de-conflictos/,modal,9359c5fb-9bf0-49ff-8048-d44d56eddeb1,PIURA: PDE en Gestión del Cambio y Negociación de Conflictos (UDN UDEP),Marketing Digital y Ecommerce,9359c5fb-9bf0-49ff-8048-d44d56eddeb1,Programa de Especialización en Gestión del Cambio y Negociación de Conflictos,9,url,SI,COINCIDE,9359c5fb-9bf0-49ff-8048-d44d56eddeb1,nada: el formId de la pagina es el correcto,
programa-de-especializacion-en-gestion-del-talento-y-negociacion-de-conflictos,https://udeponline.pe/programa-de-especializacion-en-gestion-del-talento-y-negociacion-de-conflictos/,hero,0c7b3436-4cc6-4ada-91ea-76b82d1e64ed,PIURA: PDE en Gestión del Talento y Negociación de Conflictos,Marketing Digital y Ecommerce,43632e61-2706-46fe-bc8a-1638b6bfc01e,Programa de Especialización en Liderazgo y Negociación de Conflictos,7,url,NO,FALSA ALARMA DEL CANON,0c7b3436-4cc6-4ada-91ea-76b82d1e64ed,nada: el formId de la pagina es el correcto; corregir la planilla (fila 7): su ID 43632e61 resuelve a 'PIURA: PDE en Liderazgo y Negociación de Conflictos (UDN UDE',"el sitio usa 'PIURA: PDE en Gestión del Talento y Negociación de Conflictos', que corresponde a la pagina; el canon dice 43632e61 = 'PIURA: PDE en Liderazgo y Negociación de Conflictos (UDN UDE'"
programa-de-especializacion-en-gestion-del-talento-y-negociacion-de-conflictos,https://udeponline.pe/programa-de-especializacion-en-gestion-del-talento-y-negociacion-de-conflictos/,modal,0c7b3436-4cc6-4ada-91ea-76b82d1e64ed,PIURA: PDE en Gestión del Talento y Negociación de Conflictos,Marketing Digital y Ecommerce,43632e61-2706-46fe-bc8a-1638b6bfc01e,Programa de Especialización en Liderazgo y Negociación de Conflictos,7,url,NO,FALSA ALARMA DEL CANON,0c7b3436-4cc6-4ada-91ea-76b82d1e64ed,nada: el formId de la pagina es el correcto; corregir la planilla (fila 7): su ID 43632e61 resuelve a 'PIURA: PDE en Liderazgo y Negociación de Conflictos (UDN UDE',"el sitio usa 'PIURA: PDE en Gestión del Talento y Negociación de Conflictos', que corresponde a la pagina; el canon dice 43632e61 = 'PIURA: PDE en Liderazgo y Negociación de Conflictos (UDN UDE'"
programa-de-especializacion-en-habilidades-para-la-gestion-de-equipos,https://udeponline.pe/programa-de-especializacion-en-habilidades-para-la-gestion-de-equipos/,hero,78d79e2c-ef41-47b8-a76f-16c67851c99e,PIURA: PDE en Habilidades para la Gestión de Equipos (UDN UDEP),Marketing Digital y Ecommerce,78d79e2c-ef41-47b8-a76f-16c67851c99e,Programa de Especialización en Habilidades para la Gestión de Equipos,5,url,SI,COINCIDE,78d79e2c-ef41-47b8-a76f-16c67851c99e,nada: el formId de la pagina es el correcto,
programa-de-especializacion-en-habilidades-para-la-gestion-de-equipos,https://udeponline.pe/programa-de-especializacion-en-habilidades-para-la-gestion-de-equipos/,modal,78d79e2c-ef41-47b8-a76f-16c67851c99e,PIURA: PDE en Habilidades para la Gestión de Equipos (UDN UDEP),Marketing Digital y Ecommerce,78d79e2c-ef41-47b8-a76f-16c67851c99e,Programa de Especialización en Habilidades para la Gestión de Equipos,5,url,SI,COINCIDE,78d79e2c-ef41-47b8-a76f-16c67851c99e,nada: el formId de la pagina es el correcto,
programa-de-especializacion-en-inteligencia-emocional-y-coaching,https://udeponline.pe/programa-de-especializacion-en-inteligencia-emocional-y-coaching/,hero,518f587e-3cfe-4c56-85d7-1939a4624925,PIURA: PDE en Inteligencia Emocional y Coaching (UDN UDEP),Marketing Digital y Ecommerce,518f587e-3cfe-4c56-85d7-1939a4624925,Programa de Especialización en Inteligencia Emocional y Coaching,8,url,SI,COINCIDE,518f587e-3cfe-4c56-85d7-1939a4624925,nada: el formId de la pagina es el correcto,
programa-de-especializacion-en-inteligencia-emocional-y-coaching,https://udeponline.pe/programa-de-especializacion-en-inteligencia-emocional-y-coaching/,modal,518f587e-3cfe-4c56-85d7-1939a4624925,PIURA: PDE en Inteligencia Emocional y Coaching (UDN UDEP),Marketing Digital y Ecommerce,518f587e-3cfe-4c56-85d7-1939a4624925,Programa de Especialización en Inteligencia Emocional y Coaching,8,url,SI,COINCIDE,518f587e-3cfe-4c56-85d7-1939a4624925,nada: el formId de la pagina es el correcto,
programa-de-especializacion-en-liderazgo-y-comunicacion-efectiva,https://udeponline.pe/programa-de-especializacion-en-liderazgo-y-comunicacion-efectiva/,hero,20d1a6ad-9788-4a2a-a6cc-4917bed546e8,PIURA: PDE en Liderazgo y Comunicación Efectiva (UDN UDEP),Marketing Digital y Ecommerce,20d1a6ad-9788-4a2a-a6cc-4917bed546e8,Programa de Especialización en Liderazgo y Comunicación Efectiva,16,url,SI,COINCIDE,20d1a6ad-9788-4a2a-a6cc-4917bed546e8,nada: el formId de la pagina es el correcto,
programa-de-especializacion-en-liderazgo-y-comunicacion-efectiva,https://udeponline.pe/programa-de-especializacion-en-liderazgo-y-comunicacion-efectiva/,modal,20d1a6ad-9788-4a2a-a6cc-4917bed546e8,PIURA: PDE en Liderazgo y Comunicación Efectiva (UDN UDEP),Marketing Digital y Ecommerce,20d1a6ad-9788-4a2a-a6cc-4917bed546e8,Programa de Especialización en Liderazgo y Comunicación Efectiva,16,url,SI,COINCIDE,20d1a6ad-9788-4a2a-a6cc-4917bed546e8,nada: el formId de la pagina es el correcto,
programa-de-especializacion-en-liderazgo-y-felicidad-organizacional,https://udeponline.pe/programa-de-especializacion-en-liderazgo-y-felicidad-organizacional/,hero,81e1fd4a-6992-4150-9153-ca6bcb9ad986,PIURA: PDE en Liderazgo y Felicidad Organizacional (UDN UDEP),Marketing Digital y Ecommerce,81e1fd4a-6992-4150-9153-ca6bcb9ad986,Programa de Especialización en Liderazgo y Felicidad Organizacional,17,url,SI,COINCIDE,81e1fd4a-6992-4150-9153-ca6bcb9ad986,nada: el formId de la pagina es el correcto,
programa-de-especializacion-en-liderazgo-y-felicidad-organizacional,https://udeponline.pe/programa-de-especializacion-en-liderazgo-y-felicidad-organizacional/,modal,81e1fd4a-6992-4150-9153-ca6bcb9ad986,PIURA: PDE en Liderazgo y Felicidad Organizacional (UDN UDEP),Marketing Digital y Ecommerce,81e1fd4a-6992-4150-9153-ca6bcb9ad986,Programa de Especialización en Liderazgo y Felicidad Organizacional,17,url,SI,COINCIDE,81e1fd4a-6992-4150-9153-ca6bcb9ad986,nada: el formId de la pagina es el correcto,
programa-de-especializacion-en-liderazgo-y-gestion-del-talento,https://udeponline.pe/programa-de-especializacion-en-liderazgo-y-gestion-del-talento/,hero,c207918c-7869-42f2-96f7-76a963123ef5,PIURA: PDE en Liderazgo y Gestión del Talento (UDN UDEP),Marketing Digital y Ecommerce,c207918c-7869-42f2-96f7-76a963123ef5,Programa de Especialización en Liderazgo y Gestión del Talento,2,url,SI,COINCIDE,c207918c-7869-42f2-96f7-76a963123ef5,nada: el formId de la pagina es el correcto,
programa-de-especializacion-en-liderazgo-y-gestion-del-talento,https://udeponline.pe/programa-de-especializacion-en-liderazgo-y-gestion-del-talento/,modal,c207918c-7869-42f2-96f7-76a963123ef5,PIURA: PDE en Liderazgo y Gestión del Talento (UDN UDEP),Marketing Digital y Ecommerce,c207918c-7869-42f2-96f7-76a963123ef5,Programa de Especialización en Liderazgo y Gestión del Talento,2,url,SI,COINCIDE,c207918c-7869-42f2-96f7-76a963123ef5,nada: el formId de la pagina es el correcto,
programa-de-especializacion-en-liderazgo-y-negociacion-de-conflictos,https://udeponline.pe/programa-de-especializacion-en-liderazgo-y-negociacion-de-conflictos/,hero,84f82226-d1c2-43aa-b4e9-da20f43c0548,Liderazgo y Negociación de Conflictos Piura (UDN UDEP),Marketing Digital y Ecommerce,43632e61-2706-46fe-bc8a-1638b6bfc01e,Gestión del Talento y Negociación de Conflictos,3,url,NO,FALSA ALARMA DEL CANON,84f82226-d1c2-43aa-b4e9-da20f43c0548,nada: el formId de la pagina es el correcto; corregir la planilla (fila 3): su ID 43632e61 resuelve a 'PIURA: PDE en Liderazgo y Negociación de Conflictos (UDN UDE',"el sitio usa 'Liderazgo y Negociación de Conflictos Piura (UDN UDEP)', que corresponde a la pagina; el canon dice 43632e61 = 'PIURA: PDE en Liderazgo y Negociación de Conflictos (UDN UDE'"
programa-de-especializacion-en-liderazgo-y-negociacion-de-conflictos,https://udeponline.pe/programa-de-especializacion-en-liderazgo-y-negociacion-de-conflictos/,modal,84f82226-d1c2-43aa-b4e9-da20f43c0548,Liderazgo y Negociación de Conflictos Piura (UDN UDEP),Marketing Digital y Ecommerce,43632e61-2706-46fe-bc8a-1638b6bfc01e,Gestión del Talento y Negociación de Conflictos,3,url,NO,FALSA ALARMA DEL CANON,84f82226-d1c2-43aa-b4e9-da20f43c0548,nada: el formId de la pagina es el correcto; corregir la planilla (fila 3): su ID 43632e61 resuelve a 'PIURA: PDE en Liderazgo y Negociación de Conflictos (UDN UDE',"el sitio usa 'Liderazgo y Negociación de Conflictos Piura (UDN UDEP)', que corresponde a la pagina; el canon dice 43632e61 = 'PIURA: PDE en Liderazgo y Negociación de Conflictos (UDN UDE'"
programa-de-especializacion-en-liderazgo-y-transformacion-digital,https://udeponline.pe/programa-de-especializacion-en-liderazgo-y-transformacion-digital/,hero,1117d061-5d64-4497-9ce3-e3aff834e996,PIURA: PDE en Liderazgo y Transformación Digital (UDN UDEP),Marketing Digital y Ecommerce,1117d061-5d64-4497-9ce3-e3aff834e996,Programa de Especialización en Liderazgo y Transformación Digital,4,url,SI,COINCIDE,1117d061-5d64-4497-9ce3-e3aff834e996,nada: el formId de la pagina es el correcto,
programa-de-especializacion-en-liderazgo-y-transformacion-digital,https://udeponline.pe/programa-de-especializacion-en-liderazgo-y-transformacion-digital/,modal,1117d061-5d64-4497-9ce3-e3aff834e996,PIURA: PDE en Liderazgo y Transformación Digital (UDN UDEP),Marketing Digital y Ecommerce,1117d061-5d64-4497-9ce3-e3aff834e996,Programa de Especialización en Liderazgo y Transformación Digital,4,url,SI,COINCIDE,1117d061-5d64-4497-9ce3-e3aff834e996,nada: el formId de la pagina es el correcto,
programa-de-especializacion-en-marketing-digital-y-business-model,https://udeponline.pe/programa-de-especializacion-en-marketing-digital-y-business-model/,hero,f49da541-6cda-489e-98cf-985b7b3dc1b8,Marketing Digital y Business Model Piura (UDN UDEP),Marketing Digital y Ecommerce,f49da541-6cda-489e-98cf-985b7b3dc1b8,Programa de Especialización en Marketing Digital y Business Model,12,url,SI,COINCIDE,f49da541-6cda-489e-98cf-985b7b3dc1b8,nada: el formId de la pagina es el correcto,
programa-de-especializacion-en-marketing-digital-y-business-model,https://udeponline.pe/programa-de-especializacion-en-marketing-digital-y-business-model/,modal,f49da541-6cda-489e-98cf-985b7b3dc1b8,Marketing Digital y Business Model Piura (UDN UDEP),Marketing Digital y Ecommerce,f49da541-6cda-489e-98cf-985b7b3dc1b8,Programa de Especialización en Marketing Digital y Business Model,12,url,SI,COINCIDE,f49da541-6cda-489e-98cf-985b7b3dc1b8,nada: el formId de la pagina es el correcto,
programa-de-especializacion-en-marketing-digital-y-e-commerce,https://udeponline.pe/programa-de-especializacion-en-marketing-digital-y-e-commerce/,hero,cd64140f-f93d-4265-8222-426ad8dfc3d8,PIURA: PDE en Marketing Digital y E-commerce (UDN UDEP),Marketing Digital y Ecommerce,cd64140f-f93d-4265-8222-426ad8dfc3d8,Programa de Especialización en Marketing Digital y E-commerce,10,url,SI,COINCIDE,cd64140f-f93d-4265-8222-426ad8dfc3d8,nada: el formId de la pagina es el correcto,
programa-de-especializacion-en-marketing-digital-y-e-commerce,https://udeponline.pe/programa-de-especializacion-en-marketing-digital-y-e-commerce/,modal,cd64140f-f93d-4265-8222-426ad8dfc3d8,PIURA: PDE en Marketing Digital y E-commerce (UDN UDEP),Marketing Digital y Ecommerce,cd64140f-f93d-4265-8222-426ad8dfc3d8,Programa de Especialización en Marketing Digital y E-commerce,10,url,SI,COINCIDE,cd64140f-f93d-4265-8222-426ad8dfc3d8,nada: el formId de la pagina es el correcto,
programa-de-especializacion-en-modelo-de-negocios-digitales-y-business-intelligence,https://udeponline.pe/programa-de-especializacion-en-modelo-de-negocios-digitales-y-business-intelligence/,hero,b8164bf0-4166-46aa-8760-5cb87ebd8888,PDE en Modelo de Negocios Digitales y Business Intelligence,Marketing Digital y Ecommerce,b8164bf0-4166-46aa-8760-5cb87ebd8888,Programa de Especialización en Modelo de Negocios Digitales y Business Intelligence,6,url,SI,COINCIDE,b8164bf0-4166-46aa-8760-5cb87ebd8888,nada: el formId de la pagina es el correcto,
programa-de-especializacion-en-modelo-de-negocios-digitales-y-business-intelligence,https://udeponline.pe/programa-de-especializacion-en-modelo-de-negocios-digitales-y-business-intelligence/,modal,b8164bf0-4166-46aa-8760-5cb87ebd8888,PDE en Modelo de Negocios Digitales y Business Intelligence,Marketing Digital y Ecommerce,b8164bf0-4166-46aa-8760-5cb87ebd8888,Programa de Especialización en Modelo de Negocios Digitales y Business Intelligence,6,url,SI,COINCIDE,b8164bf0-4166-46aa-8760-5cb87ebd8888,nada: el formId de la pagina es el correcto,
programa-de-especializacion-en-modelo-de-negocios-y-transformacion-digital,https://udeponline.pe/programa-de-especializacion-en-modelo-de-negocios-y-transformacion-digital/,hero,5878cd5d-839e-4146-bc79-725360097a74,PIURA: PDE en Modelo de Negocios y Transformación Digital (UDN UDEP),Marketing Digital y Ecommerce,5878cd5d-839e-4146-bc79-725360097a74,Programa de Especialización en Modelo de Negocios y Transformación Digital,18,url,SI,COINCIDE,5878cd5d-839e-4146-bc79-725360097a74,nada: el formId de la pagina es el correcto,
programa-de-especializacion-en-modelo-de-negocios-y-transformacion-digital,https://udeponline.pe/programa-de-especializacion-en-modelo-de-negocios-y-transformacion-digital/,modal,5878cd5d-839e-4146-bc79-725360097a74,PIURA: PDE en Modelo de Negocios y Transformación Digital (UDN UDEP),Marketing Digital y Ecommerce,5878cd5d-839e-4146-bc79-725360097a74,Programa de Especialización en Modelo de Negocios y Transformación Digital,18,url,SI,COINCIDE,5878cd5d-839e-4146-bc79-725360097a74,nada: el formId de la pagina es el correcto,
