n,tipo,formulario_en_hubspot,formId,pagina,instancias_en_la_pagina,activador_actual
1,curso,Curso Analítica Digital & Growth Marketing Piura (UDN UDEP),7a38b319-f279-497a-84c6-e85dad3de2a4,https://udeponline.pe/curso-de-analitica-digital-growth-marketing/,banner + modal (el mismo formulario),NINGUNO
2,curso,Curso Business Intelligence & Data Science  Piura (UDN UDEP),0a25bf0d-06d8-4722-8735-18cd0078c725,https://udeponline.pe/curso-de-business-intelligence-data-science/,banner + modal (el mismo formulario),0305. Activador Cursos Piura (UDN UDEP)
3,curso,Curso Coaching (UDN UDEP).,294bab20-eebc-43aa-bdc6-b9aff0882c40,https://udeponline.pe/curso-de-coaching/,banner + modal (el mismo formulario),0305. Activador Cursos Piura (UDN UDEP)
4,curso,Curso Comunicación Efectiva Piura  (UDN UDEP),f828a14e-d122-4982-91c5-0f956c00617c,https://udeponline.pe/curso-de-comunicacion-efectiva/,banner + modal (el mismo formulario),0305. Activador Cursos Piura (UDN UDEP)
5,curso,Curso Digital Business Model Piura  (UDN UDEP),00b12055-381c-43f6-9dc1-45372becccd8,https://udeponline.pe/curso-de-digital-business-model/,banner + modal (el mismo formulario),0305. Activador Cursos Piura (UDN UDEP)
6,curso,Curso Felicidad y Bienestar Organizacional Piura (UDN UDEP),3727950a-ecce-48ee-b75e-b3c46cc54c7a,https://udeponline.pe/curso-de-felicidad-y-bienestar-organizacional/,banner + modal (el mismo formulario),0305. Activador Cursos Piura (UDN UDEP)
7,curso,Curso Gestión de Equipos de Alto Rendimiento Piura  (UDN UDEP),84e5b722-e953-4dc9-a199-61f96667f10e,https://udeponline.pe/curso-de-gestion-de-equipos-de-alto-rendimiento/,banner + modal (el mismo formulario),0305. Activador Cursos Piura (UDN UDEP)
8,curso,Curso Gestión del Talento Piura (UDN UDEP),d6c333ed-17db-4e16-8afa-d87ef1b4eb49,https://udeponline.pe/curso-de-gestion-del-talento/,banner + modal (el mismo formulario),0305. Activador Cursos Piura (UDN UDEP)
9,curso,Curso Inteligencia Emocional (UDN-UDEP).,c1438a54-76d7-4155-8ec0-28d6c65e24fb,https://udeponline.pe/curso-de-inteligencia-emocional/,banner + modal (el mismo formulario),0305. Activador Cursos Piura (UDN UDEP)
10,curso,Curso Liderazgo en la era digital Piura (UDN UDEP),89781058-251b-4213-9673-08605ddc1b93,https://udeponline.pe/curso-de-liderazgo-en-la-era-digital/,banner + modal (el mismo formulario),0305. Activador Cursos Piura (UDN UDEP)
11,curso,Curso Marketing Digital (UDN-UDEP),b6e43bcf-a7cc-4b9e-ae6c-1087963599b3,https://udeponline.pe/curso-de-marketing-digital/,banner + modal (el mismo formulario),0305. Activador Cursos Piura (UDN UDEP)
12,curso,Curso Negociación y Resolución de Conflictos Piura  (UDN UDEP),51477554-b683-4fb1-99c3-9b063b68c3a3,https://udeponline.pe/curso-de-negociacion-y-resolucion-de-conflictos/,banner + modal (el mismo formulario),0305. Activador Cursos Piura (UDN UDEP)
13,curso,Curso Negocios Ecommerce (UDN - UDEP) ,66f1f7d0-79f6-4ef5-8796-4d0e41e3db89,https://udeponline.pe/curso-de-negocios-e-commerce/,banner + modal (el mismo formulario),0305. Activador Cursos Piura (UDN UDEP)
14,curso,Curso Negocios Innovadores  (UDN UDEP),a44b1d7f-6c25-4797-a134-6e4581722480,https://udeponline.pe/curso-de-negocios-innovadores/,banner + modal (el mismo formulario),0305. Activador Cursos Piura (UDN UDEP)
15,curso,Curso Transformación Digital Piura  (UDN UDEP),179df4f7-4389-45b3-9550-8cf9d6ac1c09,https://udeponline.pe/curso-de-transformacion-digital/,banner + modal (el mismo formulario),0305. Activador Cursos Piura (UDN UDEP)
16,curso,Curso Desarrollo Organizacional y Gestión del Cambio  (UDN UDEP),47578cfa-f426-4fc3-a358-e880a8ad121e,https://udeponline.pe/curso-desarrollo-organizacional-y-gestion-del-cambio/,banner + modal (el mismo formulario),0305. Activador Cursos Piura (UDN UDEP)
17,diplomado,PIURA: Gestión Felicidad y Bienestar Organizacional (UDN UDEP),0ce67a0b-b785-4f54-b09f-0016e2f3a4d2,https://udeponline.pe/diplomado-en-gestion-de-la-felicidad-y-bienestar-organizacional/,banner + modal (el mismo formulario),0305. Activador Diplomados Piura (UDN UDEP)
18,diplomado,PIURA: Habilidades para la Gestión de Equipos (UDN UDEP),c86ebf10-b97f-49a4-98ca-c16c183462ad,https://udeponline.pe/diplomado-en-habilidades-para-la-gestion-de-equipos/,banner + modal (el mismo formulario),0305. Activador Diplomados Piura (UDN UDEP)
19,diplomado,PIURA: Diplomado Inteligencia Emocional & Coaching (UDN UDEP),bef4306e-9106-4ad8-920f-c01e63c7726e,https://udeponline.pe/diplomado-en-inteligencia-emocional-y-coaching-para-el-liderazgo-en-las-organizaciones/,banner + modal (el mismo formulario),0305. Activador Diplomados Piura (UDN UDEP)
20,diplomado,PIURA: Diplomado Liderazgo y Gestión del Talento (UDN UDEP),74f59f7e-d2cd-40ad-911b-face84652266,https://udeponline.pe/diplomado-en-liderazgo-y-gestion-del-talento/,banner + modal (el mismo formulario),0305. Activador Diplomados Piura (UDN UDEP)
21,diplomado,PIURA: DiplomadoMarketing Digital y Analítica (UDN UDEP),36b4d47d-ccc6-4c5f-add9-b6477706ad65,https://udeponline.pe/diplomado-en-marketing-digital-y-analitica/,banner + modal (el mismo formulario),0305. Activador Diplomados Piura (UDN UDEP)
22,diplomado,PIURA: Diplomado en Marketing Digital y Ecommerce (UDN UDEP),243be113-191b-4e14-92a7-1636105d46f4,https://udeponline.pe/diplomado-en-marketing-digital-y-ecommerce/,banner + modal (el mismo formulario),0302. Activador Cluster Marketing Digital Piura (UDN UDEP)
23,programa,Comunicación Efectiva y Gestión de Equipos de Alto Rendimiento Piura  (UDN UDEP),523d3530-c6c2-415d-a587-096a58a3f71f,https://udeponline.pe/programa-de-especializacion-en-comunicacion-efectiva-y-gestion-de-equipos-de-alto-rendimiento/,banner + modal (el mismo formulario),0303. Activador Cluster Habilidades de Gestión Piura (UDN UDEP)
24,programa,PIURA: PDE en Comunicación efectiva y Gestión del Talento ,d60e69e9-97ee-4b86-beee-2447c8305fff,https://udeponline.pe/programa-de-especializacion-en-comunicacion-efectiva-y-gestion-del-talento/,banner + modal (el mismo formulario),0303. Activador Cluster Habilidades de Gestión Piura (UDN UDEP)
25,programa,PIURA: PDE en Felicidad Organizacional y Gestión de Equipos de Alto Rendimiento (UDN UDEP),fb1d6938-aed4-44b8-bc70-03d1379f0712,https://udeponline.pe/programa-de-especializacion-en-felicidad-organizacional-y-gestion-de-equipos-de-alto-rendimiento/,banner + modal (el mismo formulario),0303. Activador Cluster Habilidades de Gestión Piura (UDN UDEP)
26,programa,PIURA: PDE en Felicidad Organizacional e Inteligencia Emocional (UDN UDEP),72e670fc-a6d3-4ef1-a735-987515c286d6,https://udeponline.pe/programa-de-especializacion-en-felicidad-organizacional-y-inteligencia-emocional/,banner + modal (el mismo formulario),0303. Activador Cluster Habilidades de Gestión Piura (UDN UDEP)
27,programa,PIURA: PDE en Felicidad y Desarrollo Organizacional (UDN UDEP),be719c32-c6ca-4e4c-ae56-e748f2edeb3a,https://udeponline.pe/programa-de-especializacion-en-felicidad-y-desarrollo-organizacional/,banner + modal (el mismo formulario),0303. Activador Cluster Habilidades de Gestión Piura (UDN UDEP)
28,programa,PIURA: PDE en Gestión del Cambio y Negociación de Conflictos (UDN UDEP),9359c5fb-9bf0-49ff-8048-d44d56eddeb1,https://udeponline.pe/programa-de-especializacion-en-gestion-del-cambio-y-negociacion-de-conflictos/,banner + modal (el mismo formulario),0307. Activador Cluster Emprendimiento Innovación y Tecnología (UDN UDEP)
29,programa,PIURA: PDE en Gestión del Talento y Negociación de Conflictos,0c7b3436-4cc6-4ada-91ea-76b82d1e64ed,https://udeponline.pe/programa-de-especializacion-en-gestion-del-talento-y-negociacion-de-conflictos/,banner + modal (el mismo formulario),0303. Activador Cluster Habilidades de Gestión Piura (UDN UDEP)
30,programa,PIURA: PDE en Habilidades para la Gestión de Equipos (UDN UDEP),78d79e2c-ef41-47b8-a76f-16c67851c99e,https://udeponline.pe/programa-de-especializacion-en-habilidades-para-la-gestion-de-equipos/,banner + modal (el mismo formulario),0303. Activador Cluster Habilidades de Gestión Piura (UDN UDEP)
31,programa,PIURA: PDE en Inteligencia Emocional y Coaching (UDN UDEP),518f587e-3cfe-4c56-85d7-1939a4624925,https://udeponline.pe/programa-de-especializacion-en-inteligencia-emocional-y-coaching/,banner + modal (el mismo formulario),0303. Activador Cluster Habilidades de Gestión Piura (UDN UDEP)
32,programa,PIURA: PDE en Liderazgo y Comunicación Efectiva (UDN UDEP),20d1a6ad-9788-4a2a-a6cc-4917bed546e8,https://udeponline.pe/programa-de-especializacion-en-liderazgo-y-comunicacion-efectiva/,banner + modal (el mismo formulario),0301. Activador Cluster Liderazgo y Gestión de Personas(UDN UDEP)
33,programa,PIURA: PDE en Liderazgo y Felicidad Organizacional (UDN UDEP),81e1fd4a-6992-4150-9153-ca6bcb9ad986,https://udeponline.pe/programa-de-especializacion-en-liderazgo-y-felicidad-organizacional/,banner + modal (el mismo formulario),0301. Activador Cluster Liderazgo y Gestión de Personas(UDN UDEP)
34,programa,PIURA: PDE en Liderazgo y Gestión del Talento (UDN UDEP),c207918c-7869-42f2-96f7-76a963123ef5,https://udeponline.pe/programa-de-especializacion-en-liderazgo-y-gestion-del-talento/,banner + modal (el mismo formulario),0301. Activador Cluster Liderazgo y Gestión de Personas(UDN UDEP)
35,programa,Liderazgo y Negociación de Conflictos Piura (UDN UDEP),84f82226-d1c2-43aa-b4e9-da20f43c0548,https://udeponline.pe/programa-de-especializacion-en-liderazgo-y-negociacion-de-conflictos/,banner + modal (el mismo formulario),0301. Activador Cluster Liderazgo y Gestión de Personas(UDN UDEP)
36,programa,PIURA: PDE en Liderazgo y Transformación Digital (UDN UDEP),1117d061-5d64-4497-9ce3-e3aff834e996,https://udeponline.pe/programa-de-especializacion-en-liderazgo-y-transformacion-digital/,banner + modal (el mismo formulario),0301. Activador Cluster Liderazgo y Gestión de Personas(UDN UDEP)
37,programa,Marketing Digital y Business Model Piura (UDN UDEP),f49da541-6cda-489e-98cf-985b7b3dc1b8,https://udeponline.pe/programa-de-especializacion-en-marketing-digital-y-business-model/,banner + modal (el mismo formulario),0302. Activador Cluster Marketing Digital Piura (UDN UDEP)
38,programa,PIURA: PDE en Marketing Digital y E-commerce (UDN UDEP),cd64140f-f93d-4265-8222-426ad8dfc3d8,https://udeponline.pe/programa-de-especializacion-en-marketing-digital-y-e-commerce/,banner + modal (el mismo formulario),0302. Activador Cluster Marketing Digital Piura (UDN UDEP)
39,programa,PDE en Modelo de Negocios Digitales y Business Intelligence,b8164bf0-4166-46aa-8760-5cb87ebd8888,https://udeponline.pe/programa-de-especializacion-en-modelo-de-negocios-digitales-y-business-intelligence/,banner + modal (el mismo formulario),0307. Activador Cluster Emprendimiento Innovación y Tecnología (UDN UDEP)
40,programa,PIURA: PDE en Modelo de Negocios y Transformación Digital (UDN UDEP),5878cd5d-839e-4146-bc79-725360097a74,https://udeponline.pe/programa-de-especializacion-en-modelo-de-negocios-y-transformacion-digital/,banner + modal (el mismo formulario),0307. Activador Cluster Emprendimiento Innovación y Tecnología (UDN UDEP)
